{"cameraMode":{"drawMode":0,"name":"Shaded","section":"Shading Mode"},"sceneLighting":true,"audioPlay":false,"sceneViewState":{"showFog":true,"showMaterialUpdate":false,"showSkybox":false,"showFlares":true,"showImageEffects":true,"showParticleSystems":true},"in2DMode":false,"pivot":{"x":8.510263442993164,"y":-8.935927391052246,"z":-30.923797607421876},"rotation":{"x":0.020857486873865129,"y":0.9791576862335205,"z":-0.14529088139533997,"w":0.1404615342617035},"size":40.010372161865237,"orthographic":false}