{"cameraMode":{"drawMode":0,"name":"Shaded","section":"Shading Mode"},"sceneLighting":true,"audioPlay":false,"sceneViewState":{"showFog":true,"showMaterialUpdate":false,"showSkybox":true,"showFlares":true,"showImageEffects":true,"showParticleSystems":true},"in2DMode":false,"pivot":{"x":29.548192977905275,"y":18.21200180053711,"z":45.16029357910156},"rotation":{"x":0.013522875495254994,"y":-0.9392241835594177,"z":0.3410467505455017,"w":0.03722059354186058},"size":22.0,"orthographic":false}